日期,USD/CNY,EUR/CNY,100JPY/CNY,HKD/CNY,GBP/CNY,AUD/CNY,NZD/CNY,SGD/CNY,CHF/CNY,CAD/CNY,CNY/MYR,CNY/RUB,CNY/ZAR,CNY/KRW,CNY/AED,CNY/SAR,CNY/HUF,CNY/PLN,CNY/DKK,CNY/SEK,CNY/NOK,CNY/TRY,CNY/MXN,CNY/THB
2022-05-13,6.7898,7.0555,5.2886,0.86495,8.2966,4.6699,4.2450,4.8680,6.7767,5.2162,0.64625,9.4787,2.3686,189.65,0.54019,0.55171,54.2703,0.66104,1.0544,1.4932,1.4515,2.26680,2.9719,5.1080
2022-05-12,6.7292,7.0788,5.1870,0.85723,8.2364,4.6659,4.2319,4.8418,6.7704,5.1796,0.65072,9.8954,2.3893,190.14,0.54559,0.55722,53.6208,0.66041,1.0510,1.4971,1.4488,2.26973,3.0181,5.1488
2022-05-11,6.7290,7.0887,5.1634,0.85722,8.2862,4.6690,4.2341,4.8379,6.7593,5.1649,0.65126,10.3550,2.3967,189.66,0.54573,0.55732,53.5711,0.66003,1.0491,1.4960,1.4451,2.27685,3.0275,5.1455
2022-05-10,6.7134,7.0892,5.1538,0.85523,8.2790,4.6677,4.2405,4.8269,6.7600,5.1585,0.65273,10.3509,2.4180,189.90,0.54705,0.55868,53.6083,0.66210,1.0491,1.5034,1.4411,2.24971,3.0346,5.1541
2022-05-09,6.6899,7.0502,5.1193,0.85223,8.2520,4.7172,4.2798,4.8251,6.7666,5.1822,0.65289,10.1451,2.3924,190.05,0.54850,0.56018,54.1153,0.66637,1.0549,1.4895,1.4205,2.23337,3.0146,5.1355
2022-05-06,6.6332,6.9978,5.0967,0.84505,8.2096,4.7290,4.2712,4.7953,6.7407,5.1757,0.65603,9.7218,2.4074,191.18,0.55323,0.56501,54.3728,0.66996,1.0629,1.4984,1.4279,2.23900,3.0448,5.1671
2022-05-05,6.5672,6.9706,5.0827,0.83679,8.2842,4.7587,4.2962,4.7796,6.7462,5.1561,0.66147,10.1107,2.3548,190.58,0.55920,0.57113,53.8987,0.67383,1.0671,1.4838,1.4078,2.24355,3.0527,5.1822
2022-04-29,6.6177,6.9531,5.0616,0.84338,8.2535,4.7065,4.3001,4.7767,6.8139,5.1707,0.65886,10.9832,2.4141,192.00,0.55469,0.56648,54.4071,0.67435,1.0702,1.4924,1.4218,2.23549,3.0871,5.1988
2022-04-28,6.5628,6.9278,5.1121,0.83640,8.2336,4.6771,4.2944,4.7562,6.7787,5.1231,0.66361,11.1968,2.4198,192.79,0.55918,0.57105,54.5570,0.67935,1.0739,1.4991,1.4221,2.25500,3.1036,5.2330
2022-04-27,6.5598,6.9839,5.1552,0.83603,8.2537,4.6853,4.3134,4.7596,6.8181,5.1221,0.66365,11.5276,2.4175,192.18,0.55973,0.57162,53.9777,0.67563,1.0654,1.4993,1.4081,2.25583,3.1068,5.2237
2022-04-26,6.5590,7.0292,5.1290,0.83578,8.3588,4.7113,4.3427,4.7751,6.8462,5.1514,0.66399,11.4966,2.3919,190.31,0.55972,0.57161,52.9467,0.66023,1.0578,1.4802,1.3896,2.25162,3.0821,5.1910
2022-04-25,6.4909,7.0153,5.0439,0.82721,8.3269,4.6964,4.2996,4.7375,6.7904,5.1024,0.66630,11.9127,2.4014,191.37,0.56583,0.57775,52.8961,0.66198,1.0602,1.4672,1.3783,2.27187,3.1178,5.2323
2022-04-22,6.4596,7.0054,5.0340,0.82340,8.4222,4.7622,4.3487,4.7364,6.7782,5.1358,0.66486,12.4370,2.3785,192.02,0.56808,0.58007,52.8704,0.66170,1.0618,1.4708,1.3752,2.27416,3.1212,5.2449
2022-04-21,6.4098,6.9522,5.0033,0.81715,8.3737,4.7710,4.3462,4.7001,6.7525,5.1301,0.66822,12.8248,2.3459,192.67,0.57311,0.58523,53.3242,0.66727,1.0699,1.4740,1.3754,2.28944,3.1198,5.2717
2022-04-20,6.3996,6.8928,4.9450,0.81600,8.3110,4.7239,4.3078,4.6706,6.7093,5.0672,0.66751,12.6356,2.3429,193.87,0.57483,0.58692,53.9338,0.67344,1.0790,1.4927,1.3819,2.29311,3.1338,5.2907
2022-04-19,6.3720,6.8697,5.0120,0.81240,8.2875,4.6872,4.2903,4.6790,6.7432,5.0549,0.66732,12.7317,2.3024,193.70,0.57642,0.58850,54.3806,0.67271,1.0827,1.5063,1.3892,2.29847,3.1097,5.2912
2022-04-18,6.3763,6.8958,5.0355,0.81293,8.3214,4.7137,4.3098,4.6940,6.7624,5.0538,0.66416,12.9791,2.2984,192.88,0.57604,0.58813,54.5320,0.67136,1.0788,1.4999,1.3802,2.29508,3.1319,5.2742
2022-04-15,6.3896,6.9068,5.0623,0.81470,8.3455,4.7303,4.3306,4.7089,6.7764,5.0639,0.66246,12.8943,2.2944,192.65,0.57507,0.58717,54.4367,0.67126,1.0766,1.4922,1.3756,2.28975,3.1261,5.2722
2022-04-14,6.3540,6.9209,5.0657,0.81047,8.3355,4.7358,4.3211,4.6701,6.8022,5.0568,0.66520,12.9480,2.2893,192.50,0.57816,0.59030,54.4607,0.67040,1.0747,1.4905,1.3767,2.29729,3.1110,5.2683
2022-04-13,6.3752,6.8998,5.0797,0.81341,8.2862,4.7517,4.3683,4.6732,6.8320,5.0451,0.66395,13.3856,2.2783,192.98,0.57616,0.58823,54.7951,0.67199,1.0779,1.4939,1.3766,2.28815,3.1080,5.2653
2022-04-12,6.3795,6.9400,5.0833,0.81392,8.3086,4.7324,4.3507,4.6718,6.8481,5.0470,0.66387,13.0106,2.2867,193.59,0.57570,0.58779,54.4912,0.67130,1.0712,1.4908,1.3825,2.29919,3.1241,5.2758
2022-04-11,6.3645,6.9306,5.1173,0.81183,8.2981,4.7457,4.3542,4.6694,6.8166,5.0619,0.66239,12.9929,2.2987,193.09,0.57668,0.58887,54.5376,0.66856,1.0730,1.4825,1.3661,2.31443,3.1494,5.2748
2022-04-08,6.3653,6.9188,5.1299,0.81209,8.3197,4.7609,4.3824,4.6746,6.8120,5.0568,0.66297,12.4567,2.3160,192.04,0.57701,0.58922,54.6857,0.66985,1.0749,1.4858,1.3840,2.31599,3.1633,5.2616
2022-04-07,6.3659,6.9381,5.1425,0.81217,8.3201,4.7811,4.4021,4.6801,6.8220,5.0681,0.66233,12.9083,2.3064,191.46,0.57701,0.58926,54.6731,0.67145,1.0720,1.4900,1.3824,2.31304,3.1657,5.2773
2022-04-06,6.3799,6.9564,5.1590,0.81418,8.3425,4.8410,4.4349,4.6936,6.8632,5.1100,0.66038,13.1674,2.3016,191.02,0.57547,0.58776,54.0390,0.66694,1.0688,1.4777,1.3737,2.30687,3.1308,5.2588
2022-04-01,6.3509,7.0289,5.2115,0.81084,8.3464,4.7570,4.4007,4.6852,6.8751,5.0784,0.66203,12.8366,2.3009,191.37,0.57834,0.59073,52.2745,0.66011,1.0582,1.4780,1.3839,2.30980,3.1298,5.2412
2022-03-31,6.3482,7.0847,5.1965,0.81101,8.3378,4.7646,4.4260,4.6932,6.8741,5.0849,0.66212,13.1480,2.2823,190.63,0.57859,0.59099,51.8257,0.65511,1.0498,1.4576,1.3505,2.30984,3.1316,5.2463
2022-03-30,6.3566,7.0480,5.1660,0.81218,8.3223,4.7740,4.4101,4.6867,6.8264,5.0816,0.66319,13.9343,2.2876,190.52,0.57827,0.59081,52.1424,0.66101,1.0553,1.4673,1.3645,2.29813,3.1440,5.2713
2022-03-29,6.3640,6.9971,5.1441,0.81289,8.3385,4.7702,4.3922,4.6783,6.8156,5.0835,0.66253,14.9223,2.3044,191.96,0.57710,0.58942,53.5920,0.67106,1.0632,1.4898,1.3673,2.32917,3.1565,5.3051
2022-03-28,6.3732,6.9993,5.2138,0.81407,8.3942,4.7912,4.4342,4.6911,6.8446,5.1059,0.66052,15.7002,2.2839,191.87,0.57617,0.58844,53.2125,0.66953,1.0627,1.4776,1.3532,2.32748,3.1430,5.2740
2022-03-25,6.3739,7.0155,5.2104,0.81472,8.4103,4.7876,4.4367,4.6945,6.8590,5.0885,0.66290,16.0334,2.2779,191.38,0.57621,0.58848,53.4672,0.67990,1.0605,1.4753,1.3592,2.32590,3.1510,5.2613
2022-03-24,6.3640,7.0038,5.2534,0.81350,8.4035,4.7697,4.4364,4.6902,6.8372,5.0652,0.66368,15.1869,2.3185,191.23,0.57712,0.58943,53.3553,0.67420,1.0617,1.4840,1.3641,2.33092,3.1776,5.2795
2022-03-23,6.3558,7.0072,5.2423,0.81201,8.4297,4.7428,4.4243,4.6837,6.8082,5.0525,0.66326,16.5464,2.3316,191.02,0.57804,0.59036,52.8484,0.66735,1.0615,1.4863,1.3782,2.33308,3.1923,5.2682
2022-03-22,6.3664,7.0111,5.3214,0.81341,8.3807,4.7075,4.3781,4.6867,6.8165,5.0556,0.66049,16.6771,2.3471,191.52,0.57690,0.58923,53.2325,0.66944,1.0611,1.4913,1.3735,2.32854,3.2006,5.2761
2022-03-21,6.3677,7.0304,5.3360,0.81381,8.3812,4.7165,4.3922,4.6947,6.8250,5.0514,0.65913,16.3002,2.3491,190.24,0.57695,0.58930,53.3516,0.67000,1.0584,1.4798,1.3745,2.32778,3.2018,5.2354
2022-03-18,6.3425,7.0337,5.3463,0.81134,8.3405,4.6778,4.3686,4.6854,6.7684,5.0200,0.66171,16.2160,2.3532,190.92,0.57946,0.59187,52.8475,0.66519,1.0578,1.4848,1.3859,2.32284,3.2368,5.2395
2022-03-17,6.3406,6.9829,5.3267,0.81116,8.3240,4.6166,4.3250,4.6649,6.7279,4.9937,0.66199,15.3528,2.3551,193.34,0.57985,0.59230,52.9953,0.66779,1.0658,1.4874,1.4053,2.30373,3.2594,5.2640
2022-03-16,6.3800,6.9921,5.3919,0.81536,8.3193,4.5878,4.3131,4.6738,6.7793,4.9945,0.65879,17.2665,2.3659,194.69,0.57571,0.58810,53.0459,0.67277,1.0637,1.5069,1.4115,2.30921,3.2635,5.2535
2022-03-15,6.3760,6.9604,5.3830,0.81450,8.2804,4.5811,4.2945,4.6589,6.7820,4.9647,0.66046,18.8604,2.3768,194.93,0.57699,0.58936,53.6550,0.68001,1.0686,1.5116,1.4207,2.32696,3.2826,5.2498
2022-03-14,6.3506,6.9250,5.3903,0.81112,8.2636,4.6193,4.3114,4.6475,6.7741,4.9751,0.66222,20.8310,2.3749,194.63,0.57990,0.59232,55.1438,0.69111,1.0745,1.5346,1.4204,2.33225,3.3003,5.2562
2022-03-11,6.3306,6.9611,5.4502,0.80916,8.2877,4.6583,4.3487,4.6574,6.8084,4.9591,0.66187,21.3239,2.3785,194.26,0.58021,0.59261,54.7070,0.68669,1.0685,1.5294,1.4125,2.34837,3.3047,5.2370
2022-03-10,6.3105,6.9773,5.4397,0.80702,8.3077,4.6106,4.3079,4.6431,6.8038,4.9203,0.66376,21.5531,2.3808,194.30,0.58245,0.59493,54.1427,0.68381,1.0664,1.5355,1.4142,2.32458,3.3186,5.2328
2022-03-09,6.3178,6.8806,5.4587,0.80800,8.2695,4.5925,4.2972,4.6267,6.7923,4.9004,0.66210,20.5718,2.4198,195.25,0.58147,0.59392,56.5556,0.70839,1.0818,1.5739,1.4226,2.29594,3.3824,5.2557
2022-03-08,6.3185,6.8634,5.4811,0.80811,8.2854,4.6270,4.3187,4.6397,6.8277,4.9332,0.66146,20.3995,2.4277,194.72,0.58114,0.59370,57.3564,0.72538,1.0845,1.5795,1.4321,2.27576,3.3723,5.2220
2022-03-07,6.3478,6.9020,5.5238,0.81220,8.3839,4.6909,4.3686,4.6590,6.8953,4.9822,0.65805,19.2185,2.4214,192.29,0.57845,0.59088,55.9251,0.71407,1.0773,1.5610,1.4164,2.24356,3.3027,5.1572
2022-03-04,6.3288,6.9884,5.4732,0.80964,8.4385,4.6343,4.2988,4.6581,6.8902,4.9869,0.66198,17.2643,2.4046,191.15,0.58094,0.59342,54.3731,0.68807,1.0642,1.5413,1.4096,2.23158,3.2652,5.1588
2022-03-03,6.3016,6.9973,5.4514,0.80638,8.4346,4.5912,4.2687,4.6519,6.8401,4.9823,0.66564,16.3645,2.4339,190.79,0.58344,0.59601,54.1232,0.67846,1.0632,1.5385,1.4062,2.22525,3.2801,5.1576
2022-03-02,6.3351,7.0491,5.5194,0.81054,8.4428,4.6002,4.2857,4.6641,6.8952,4.9739,0.66216,17.2244,2.4310,190.35,0.57972,0.59218,53.3726,0.67260,1.0545,1.5216,1.4016,2.19456,3.2580,5.1592
2022-03-01,6.3014,7.0592,5.4697,0.80647,8.4466,4.5701,4.2582,4.6452,6.8621,4.9669,0.66672,16.5695,2.4417,190.69,0.58365,0.59618,52.4772,0.66520,1.0537,1.5030,1.3985,2.19858,3.2538,5.1873
2022-02-28,6.3222,7.0659,5.4663,0.80932,8.4432,4.5397,4.2284,4.6503,6.8201,4.9554,0.66442,13.2817,2.4324,190.16,0.58101,0.59346,51.8171,0.66514,1.0535,1.5142,1.4179,2.22472,3.2535,5.1673
2022-02-25,6.3346,7.0931,5.4835,0.81128,8.4742,4.5394,4.2401,4.6751,6.8475,4.9448,0.66360,13.4268,2.4243,190.10,0.57970,0.59217,51.9132,0.65269,1.0490,1.4976,1.4135,2.21914,3.2464,5.1381
2022-02-24,6.3280,7.1514,5.5079,0.81079,8.5699,4.5716,4.2831,4.7001,6.8973,4.9696,0.66144,12.8355,2.3905,188.89,0.58039,0.59287,50.4666,0.64149,1.0402,1.4840,1.4058,2.18486,3.1998,5.0991
2022-02-23,6.3313,7.1744,5.5014,0.81144,8.6046,4.5760,4.2663,4.7076,6.8712,4.9602,0.66105,12.4488,2.3802,188.31,0.58002,0.59254,49.5758,0.63382,1.0369,1.4733,1.4044,2.17765,3.2059,5.1194
2022-02-22,6.3487,7.1763,5.5425,0.81372,8.6271,4.5605,4.2488,4.7129,6.9324,4.9752,0.65853,12.6355,2.3881,188.22,0.57845,0.59093,49.7322,0.63311,1.0365,1.4884,1.4206,2.15601,3.2027,5.0804
2022-02-21,6.3401,7.1745,5.5191,0.81275,8.6154,4.5468,4.2401,4.7089,6.8827,4.9696,0.66035,12.3055,2.3881,188.96,0.57932,0.59187,49.7723,0.63099,1.0367,1.4821,1.4174,2.14959,3.2016,5.0738
2022-02-18,6.3343,7.1989,5.5146,0.81212,8.6252,4.5521,4.2386,4.7166,6.8880,4.9862,0.66078,12.0259,2.3688,189.11,0.57987,0.59239,49.5142,0.62819,1.0333,1.4738,1.4079,2.13726,3.2054,5.0704
2022-02-17,6.3321,7.2073,5.4855,0.81176,8.6045,4.5628,4.2349,4.7163,6.8708,4.9923,0.66063,11.8667,2.3686,189.04,0.58010,0.59267,49.2458,0.62502,1.0324,1.4641,1.4019,2.14753,3.2038,5.0956
2022-02-16,6.3463,7.2074,5.4885,0.81338,8.5935,4.5373,4.2136,4.7185,6.8579,4.9898,0.65962,11.8949,2.3798,188.75,0.57873,0.59127,49.0738,0.62407,1.0327,1.4637,1.4036,2.14370,3.2140,5.0995
2022-02-15,6.3605,7.1917,5.5052,0.81522,8.6078,4.5354,4.2084,4.7225,6.8803,4.9982,0.65852,12.0345,2.3762,188.14,0.57743,0.58986,49.6578,0.63321,1.0349,1.4755,1.3978,2.13690,3.2104,5.1006
2022-02-14,6.3664,7.2339,5.5132,0.81611,8.6372,4.5483,4.2306,4.7282,6.8847,5.0020,0.65820,12.1729,2.3894,188.38,0.57684,0.58924,49.2555,0.63133,1.0284,1.4619,1.3912,2.12383,3.2235,5.1337
2022-02-11,6.3681,7.2614,5.4869,0.81656,8.6267,4.5583,4.2446,4.7328,6.8775,5.0030,0.65711,11.7876,2.3809,188.47,0.57673,0.58913,48.7564,0.62006,1.0241,1.4637,1.3869,2.11966,3.2293,5.1372
2022-02-10,6.3599,7.2642,5.5015,0.81622,8.6072,4.5652,4.2489,4.7390,6.8807,5.0195,0.65777,11.7530,2.3934,187.87,0.57751,0.58993,48.5811,0.61847,1.0244,1.4334,1.3865,2.12978,3.2221,5.1455
2022-02-09,6.3653,7.2674,5.5065,0.81667,8.6235,4.5485,4.2322,4.7332,6.8803,5.0105,0.65728,11.7879,2.4120,187.97,0.57698,0.58937,48.6663,0.62305,1.0240,1.4361,1.3863,2.13238,3.2362,5.1654
2022-02-08,6.3569,7.2693,5.5230,0.81577,8.6011,4.5274,4.2158,4.7307,6.8837,5.0171,0.65817,11.8616,2.4388,188.45,0.57788,0.59030,48.6470,0.62375,1.0239,1.4359,1.3811,2.13930,3.2404,5.1886
2022-02-07,6.3580,7.2471,5.4921,0.81624,8.5626,4.4767,4.1823,4.7068,6.8413,4.9629,0.66133,11.9502,2.4419,188.97,0.58067,0.59309,48.8857,0.62985,1.0267,1.4454,1.3886,2.14460,3.2711,5.2038
2022-01-28,6.3746,7.1030,5.5247,0.81824,8.5328,4.4859,4.1958,4.7116,6.8459,5.0050,0.65820,12.2367,2.4254,188.92,0.57619,0.58859,50.1850,0.64174,1.0477,1.4730,1.4032,2.13547,3.2580,5.2181
2022-01-27,6.3382,7.1210,5.5258,0.81363,8.5305,4.5084,4.2162,4.7003,6.8562,5.0031,0.66195,12.5393,2.4184,189.35,0.57956,0.59195,50.5551,0.64366,1.0448,1.4687,1.4108,2.14281,3.2707,5.2265
2022-01-26,6.3246,7.1476,5.5519,0.81232,8.5424,4.5267,4.2295,4.7051,6.8896,5.0102,0.66255,12.4456,2.4115,189.22,0.58076,0.59314,50.1876,0.64100,1.0411,1.4642,1.4122,2.13163,3.2597,5.2191
2022-01-25,6.3418,7.1801,5.5605,0.81453,8.5504,4.5326,4.2473,4.7127,6.9363,5.0188,0.66060,12.4057,2.4066,188.69,0.57922,0.59156,50.3041,0.63565,1.0367,1.4608,1.4152,2.12352,3.2452,5.2040
2022-01-24,6.3411,7.1905,5.5745,0.81422,8.5928,4.5553,4.2590,4.7149,6.9481,5.0436,0.65990,12.2100,2.3812,188.28,0.57923,0.59158,49.8350,0.62974,1.0352,1.4499,1.4027,2.12153,3.2276,5.1993
2022-01-21,6.3492,7.1804,5.5722,0.81518,8.6314,4.5770,4.2832,4.7120,6.9231,5.0742,0.65993,12.0872,2.3999,187.87,0.57855,0.59086,49.6024,0.63026,1.0365,1.4532,1.3923,2.10379,3.2360,5.1843
2022-01-20,6.3485,7.1994,5.5486,0.81484,8.6371,4.5788,4.3016,4.7105,6.9315,5.0722,0.66036,12.0082,2.4149,187.37,0.57874,0.59109,49.3884,0.62817,1.0337,1.4361,1.3831,2.11556,3.2327,5.1897
2022-01-19,6.3624,7.2060,5.5524,0.81649,8.6510,4.5730,4.3092,4.7108,6.9363,5.0879,0.65809,12.0957,2.4378,187.36,0.57726,0.58967,49.6342,0.62931,1.0327,1.4362,1.3842,2.12689,3.2054,5.2062
2022-01-18,6.3521,7.2464,5.5423,0.81538,8.6669,4.5782,4.3143,4.7105,6.9483,5.0744,0.65865,11.9809,2.4228,187.37,0.57824,0.59072,49.1173,0.62437,1.0271,1.4199,1.3725,2.11661,3.1953,5.2046
2022-01-17,6.3599,7.2554,5.5636,0.81675,8.6918,4.5856,4.3277,4.7147,6.9521,5.0661,0.65786,12.0002,2.4126,187.13,0.57757,0.59007,49.1243,0.62527,1.0257,1.4166,1.3776,2.12559,3.1934,5.2221
2022-01-14,6.3677,7.2932,5.5780,0.81755,8.7295,4.6346,4.3695,4.7287,6.9881,5.0892,0.65605,12.0006,2.4216,186.57,0.57691,0.58946,48.6261,0.62235,1.0202,1.4027,1.3675,2.13509,3.1945,5.2193
2022-01-13,6.3542,7.2624,5.5344,0.81549,8.6997,4.6208,4.3450,4.7154,6.9443,5.0762,0.65876,11.7289,2.4126,186.88,0.57876,0.59144,48.6174,0.62321,1.0247,1.4091,1.3650,2.08961,3.2091,5.2412
2022-01-12,6.3658,7.2376,5.5198,0.81662,8.6804,4.5913,4.3209,4.7143,6.8945,5.0636,0.65766,11.6917,2.4386,187.07,0.57696,0.58960,49.3354,0.62684,1.0281,1.4191,1.3772,2.16241,3.2031,5.2302
2022-01-11,6.3684,7.2171,5.5264,0.81689,8.6491,4.5723,4.3097,4.6976,6.8702,5.0260,0.65940,11.7576,2.4626,187.93,0.57668,0.58934,49.6971,0.62912,1.0307,1.4283,1.3909,2.17007,3.1986,5.2763
2022-01-10,6.3653,7.2251,5.5037,0.81622,8.6467,4.5672,4.3083,4.6923,6.9244,5.0306,0.66015,11.8420,2.4475,188.21,0.57711,0.58961,49.6678,0.62904,1.0296,1.4234,1.3887,2.17438,3.2049,5.2832
2022-01-07,6.3742,7.2002,5.5002,0.81707,8.6274,4.5677,4.3000,4.6848,6.9173,5.0089,0.66114,11.9699,2.4684,188.45,0.57616,0.58886,50.0295,0.63254,1.0331,1.4346,1.3943,2.16330,3.2166,5.2594
2022-01-06,6.3728,7.2087,5.4882,0.81739,8.6382,4.6021,4.3298,4.6939,6.9456,4.9959,0.65809,12.0285,2.4935,188.07,0.57625,0.58934,50.2439,0.63421,1.0319,1.4297,1.3890,2.14786,3.2286,5.2133
2022-01-05,6.3779,7.1962,5.4885,0.81836,8.6284,4.6176,4.3457,4.7045,6.9586,5.0209,0.65651,11.8148,2.5119,187.68,0.57590,0.58893,50.4060,0.63426,1.0336,1.4265,1.3899,2.10372,3.2185,5.2151
2022-01-04,6.3794,7.2099,5.5313,0.81810,8.6006,4.5911,4.3319,4.7137,6.9446,5.0048,0.65462,11.6968,2.4885,187.14,0.57571,0.58847,50.9062,0.63453,1.0316,1.4272,1.3902,2.04512,3.2120,5.2176
2021-12-31,6.3757,7.2197,5.5415,0.81760,8.6064,4.6220,4.3553,4.7179,6.9776,5.0046,0.65503,11.7004,2.4978,186.56,0.57602,0.58884,51.0910,0.63624,1.0298,1.4184,1.3823,2.07365,3.2090,5.2308
2021-12-30,6.3674,7.2242,5.5362,0.81653,8.5854,4.6159,4.3493,4.7084,6.9593,4.9768,0.65606,11.6123,2.5033,186.05,0.57708,0.58978,51.2147,0.63642,1.0292,1.4194,1.3796,1.98662,3.2334,5.2606
2021-12-29,6.3735,7.2100,5.5541,0.81734,8.5609,4.6086,4.3376,4.7060,6.9492,4.9731,0.65591,11.5670,2.4698,186.37,0.57626,0.58923,51.2259,0.63774,1.0311,1.4196,1.3806,1.86245,3.2416,5.2589
2021-12-28,6.3728,7.2193,5.5490,0.81717,8.5649,4.6114,4.3433,4.6997,6.9474,4.9825,0.65620,11.5167,2.4392,186.16,0.57631,0.58931,51.2129,0.63737,1.0300,1.4284,1.3873,1.81709,3.2468,5.2619
2021-12-27,6.3686,7.2115,5.5699,0.81659,8.5373,4.6086,4.3423,4.6884,6.9376,4.9704,0.65865,11.5374,2.4413,186.24,0.57671,0.58967,51.2679,0.64093,1.0310,1.4303,1.3899,1.71710,3.2386,5.2488
2021-12-24,6.3692,7.2128,5.5639,0.81670,8.5390,4.6079,4.3452,4.6880,6.9341,4.9715,0.65926,11.5136,2.4601,186.28,0.57673,0.58961,51.2528,0.64186,1.0308,1.4264,1.3853,1.79272,3.2408,5.2649
2021-12-23,6.3651,7.2046,5.5715,0.81607,8.4922,4.5865,4.3267,4.6699,6.9151,4.9513,0.66226,11.5657,2.4733,186.78,0.57763,0.59047,51.1227,0.64314,1.0320,1.4281,1.3957,1.89134,3.2583,5.2903
2021-12-22,6.3703,7.1879,5.5874,0.81664,8.4511,4.5520,4.3086,4.6699,6.8990,4.9311,0.66071,11.6220,2.4875,186.95,0.57664,0.58943,51.1536,0.64303,1.0344,1.4334,1.4046,1.94200,3.2695,5.2870
2021-12-21,6.3729,7.1824,5.6038,0.81699,8.4126,4.5273,4.2745,4.6595,6.9106,4.9225,0.66362,11.6246,2.4778,186.74,0.57668,0.58942,51.2503,0.64455,1.0353,1.4358,1.4219,2.12056,3.2604,5.2786
2021-12-20,6.3933,7.1837,5.6241,0.81934,8.4534,4.5499,4.3024,4.6751,6.9171,4.9563,0.66074,11.6261,2.4913,185.73,0.57473,0.58718,51.0761,0.64439,1.0348,1.4299,1.4147,2.60528,3.2585,5.2190
2021-12-17,6.3651,7.2096,5.5970,0.81568,8.4775,4.5647,4.3228,4.6668,6.9216,4.9794,0.66165,11.5813,2.5040,186.11,0.57724,0.58989,51.0876,0.64232,1.0313,1.4201,1.4131,2.46564,3.2725,5.2508
2021-12-16,6.3637,7.1835,5.5739,0.81553,8.4384,4.5619,4.3136,4.6592,6.8814,4.9572,0.66432,11.5733,2.5137,186.05,0.57728,0.58970,51.4179,0.64349,1.0352,1.4272,1.4148,2.32770,3.3057,5.2507
2021-12-15,6.3716,7.1721,5.6013,0.81672,8.4275,4.5259,4.2924,4.6502,6.8927,4.9525,0.66450,11.5871,2.5271,185.97,0.57658,0.58890,51.2430,0.64531,1.0369,1.4350,1.4283,2.25867,3.3322,5.2454
2021-12-14,6.3675,7.1823,5.6060,0.81601,8.4113,4.5379,4.2982,4.6541,6.9001,4.9701,0.66406,11.5461,2.5171,185.92,0.57690,0.58926,51.2064,0.64563,1.0353,1.4285,1.4214,2.17159,3.2998,5.2453
2021-12-13,6.3669,7.2007,5.6068,0.81637,8.4360,4.5608,4.3245,4.6675,6.9110,5.0031,0.66195,11.5182,2.5079,185.32,0.57717,0.58948,50.7842,0.64138,1.0325,1.4226,1.4055,2.17849,3.2836,5.2651
2021-12-10,6.3702,7.1731,5.5983,0.81694,8.3974,4.5396,4.3179,4.6529,6.8750,4.9968,0.66423,11.5701,2.5109,185.15,0.57838,0.59073,50.9349,0.64190,1.0365,1.4268,1.4164,2.17102,3.2981,5.2775
2021-12-09,6.3498,7.1981,5.5799,0.81432,8.3808,4.5470,4.3179,4.6600,6.8952,5.0152,0.66494,11.5948,2.4726,185.09,0.57871,0.59109,50.6913,0.64063,1.0330,1.4236,1.3990,2.15651,3.3006,5.2712
2021-12-08,6.3677,7.1785,5.6093,0.81651,8.4337,4.5322,4.3205,4.6632,6.8868,5.0357,0.66428,11.6256,2.4900,184.95,0.57689,0.58921,51.1484,0.63838,1.0360,1.4290,1.4152,2.12451,3.3028,5.2806
2021-12-07,6.3738,7.1913,5.6181,0.81723,8.4517,4.4896,4.3016,4.6564,6.8879,4.9936,0.66386,11.6688,2.4957,185.40,0.57627,0.58860,50.8384,0.63859,1.0340,1.4270,1.4268,2.16650,3.3327,5.3105
2021-12-06,6.3702,7.2000,5.6356,0.81704,8.4297,4.4684,4.3027,4.6456,6.9331,4.9670,0.66418,11.5937,2.5212,185.70,0.57671,0.58904,50.6678,0.63863,1.0328,1.4374,1.4401,2.14961,3.3332,5.3175
2021-12-03,6.3738,7.2037,5.6371,0.81803,8.4766,4.5182,4.3410,4.6561,6.9288,4.9727,0.66409,11.5562,2.5002,184.62,0.57627,0.58860,50.5341,0.63824,1.0323,1.4199,1.4271,2.14959,3.3410,5.3138
2021-12-02,6.3719,7.2109,5.6446,0.81766,8.4584,4.5274,4.3392,4.6675,6.9196,4.9711,0.66207,11.6531,2.5158,184.83,0.57648,0.58886,50.2882,0.64110,1.0312,1.4266,1.4266,2.10244,3.3740,5.2946
2021-12-01,6.3693,7.2183,5.6213,0.81681,8.4722,4.5388,4.3462,4.6656,6.9280,4.9839,0.65992,11.6455,2.4960,185.88,0.57672,0.58912,50.5336,0.64503,1.0303,1.4166,1.4206,2.12035,3.3667,5.2914
2021-11-30,6.3794,7.2063,5.6046,0.81792,8.4941,4.5578,4.3544,4.6625,6.9129,5.0080,0.66433,11.6668,2.5294,186.61,0.57582,0.58814,50.9992,0.64971,1.0320,1.4202,1.4126,2.00097,3.3957,5.2787
2021-11-29,6.3872,7.2088,5.6127,0.81912,8.5175,4.5573,4.3568,4.6601,6.9042,5.0117,0.66372,11.7722,2.5364,186.76,0.57520,0.58751,51.2288,0.65289,1.0315,1.4323,1.4178,1.93792,3.4049,5.2655
2021-11-26,6.3936,7.1683,5.5504,0.81996,8.5140,4.5897,4.3795,4.6731,6.8357,5.0527,0.66137,11.6770,2.5092,186.30,0.57448,0.58675,51.0733,0.65276,1.0374,1.4230,1.4035,1.87984,3.3816,5.2235
2021-11-25,6.3980,7.1668,5.5415,0.82045,8.5261,4.6067,4.3989,4.6754,6.8479,5.0523,0.65845,11.7236,2.4830,185.86,0.57418,0.58640,51.4176,0.65286,1.0376,1.4258,1.4014,1.86255,3.3471,5.2166
2021-11-24,6.3903,7.1865,5.5497,0.82001,8.5487,4.6164,4.4436,4.6788,6.8464,5.0412,0.65696,11.6219,2.4798,186.14,0.57482,0.58711,51.4883,0.65450,1.0348,1.4140,1.3927,2.00660,3.3236,5.1826
2021-11-23,6.3929,7.1844,5.5659,0.82060,8.5616,4.6185,4.4444,4.6820,6.8519,5.0311,0.65495,11.7317,2.4801,185.87,0.57465,0.58692,51.5152,0.65505,1.0352,1.4073,1.3975,1.78510,3.2847,5.1678
2021-11-22,6.3952,7.2086,5.6054,0.82096,8.5886,4.6252,4.4705,4.6942,6.8794,5.0550,0.65430,11.4979,2.4609,185.67,0.57440,0.58666,50.9367,0.65064,1.0315,1.4004,1.3973,1.74992,3.2608,5.1277
2021-11-19,6.3825,7.2554,5.5844,0.81934,8.6141,4.6450,4.4934,4.7051,6.8945,5.0646,0.65496,11.4477,2.4513,185.21,0.57554,0.58780,50.1744,0.64343,1.0248,1.3890,1.3800,1.73782,3.2542,5.1053
2021-11-18,6.3803,7.2209,5.5861,0.81913,8.6066,4.6353,4.4669,4.7057,6.8703,5.0580,0.65488,11.3795,2.4274,185.17,0.57575,0.58800,50.4506,0.64543,1.0298,1.3894,1.3699,1.67112,3.2380,5.1164
2021-11-17,6.3935,7.2371,5.5646,0.82093,8.5821,4.6664,4.4687,4.7121,6.8712,5.0890,0.65209,11.4321,2.4275,185.07,0.57442,0.58662,50.4255,0.64271,1.0277,1.3909,1.3683,1.61752,3.2449,5.1207
2021-11-16,6.3924,7.2702,5.6015,0.82069,8.5744,4.6968,4.5019,4.7217,6.9107,5.1095,0.65137,11.3516,2.3791,185.04,0.57457,0.58676,50.3297,0.63870,1.0230,1.3766,1.3636,1.57411,3.2245,5.1259
2021-11-15,6.3896,7.3126,5.6035,0.82005,8.5728,4.6853,4.5001,4.7255,6.9359,5.0923,0.65191,11.3867,2.3990,184.78,0.57479,0.58696,50.1264,0.63456,1.0172,1.3710,1.3604,1.56889,3.2116,5.1278
2021-11-12,6.4065,7.3338,5.6166,0.82229,8.5633,4.6703,4.4955,4.7303,6.9530,5.0894,0.65072,11.1901,2.3908,184.52,0.57331,0.58542,49.7592,0.63190,1.0141,1.3600,1.3554,1.54883,3.2211,5.1272
2021-11-11,6.4145,7.3666,5.6315,0.82321,8.6010,4.7013,4.5312,4.7427,6.9859,5.1357,0.64770,11.1344,2.4086,184.91,0.57267,0.58477,49.3132,0.62544,1.0095,1.3569,1.3485,1.53515,3.2126,5.1195
2021-11-10,6.3948,7.4128,5.6628,0.82088,8.6693,4.7149,4.5547,4.7459,7.0180,5.1411,0.64888,11.0620,2.3537,184.48,0.57440,0.58653,48.6425,0.61935,1.0033,1.3412,1.3304,1.52187,3.1783,5.1245
2021-11-09,6.3903,7.4023,5.6418,0.82051,8.6652,4.7367,4.5726,4.7419,6.9948,5.1342,0.64979,11.1436,2.3342,184.85,0.57488,0.58699,48.7666,0.62046,1.0049,1.3421,1.3302,1.51657,3.1833,5.1570
2021-11-08,6.3959,7.3945,5.6333,0.82177,8.6255,4.7295,4.5450,4.7362,7.0101,5.1346,0.65001,11.1292,2.3566,184.98,0.57441,0.58659,48.5395,0.62178,1.0057,1.3398,1.3378,1.51808,3.1858,5.1968
2021-11-05,6.3980,7.3903,5.6210,0.82203,8.6386,4.7368,4.5449,4.7360,7.0097,5.1375,0.64953,11.1700,2.3779,185.34,0.57408,0.58630,48.6996,0.62266,1.0062,1.3424,1.3368,1.51631,3.2130,5.2131
2021-11-04,6.3943,7.4233,5.6062,0.82155,8.7519,4.7709,4.5827,4.7442,7.0140,5.1630,0.64964,11.2044,2.3846,184.35,0.57448,0.58676,48.3251,0.61733,1.0019,1.3343,1.3294,1.50841,3.2154,5.2067
2021-11-03,6.4079,7.4177,5.6215,0.82348,8.7221,4.7609,4.5633,4.7491,7.0042,5.1628,0.64789,11.1764,2.4069,184.30,0.57325,0.58546,48.4369,0.62085,1.0029,1.3381,1.3308,1.49953,3.2449,5.1943
2021-11-02,6.4009,7.4225,5.6091,0.82222,8.7384,4.8126,4.5936,4.7463,7.0361,5.1715,0.64834,11.1886,2.4125,183.81,0.57400,0.58622,48.5762,0.62189,1.0023,1.3313,1.3159,1.49131,3.2591,5.2055
2021-11-01,6.4192,7.4184,5.6207,0.82517,8.7833,4.8249,4.6040,4.7559,7.0074,5.1839,0.64583,11.0592,2.3722,183.05,0.57238,0.58453,48.5272,0.62134,1.0025,1.3390,1.3162,1.49437,3.2023,5.1919
2021-10-29,6.3907,7.4643,5.6251,0.82164,8.8146,4.8117,4.5937,4.7528,7.0098,5.1743,0.64882,10.9899,2.3690,183.06,0.57486,0.58710,48.4081,0.61926,0.9963,1.3324,1.3039,1.49230,3.1904,5.1951
2021-10-28,6.3957,7.4160,5.6220,0.82228,8.7815,4.7987,4.5820,4.7405,6.9644,5.1716,0.64940,11.0422,2.3571,183.30,0.57436,0.58653,48.9671,0.62305,1.0031,1.3429,1.3173,1.48715,3.1755,5.2088
2021-10-27,6.3856,7.4045,5.5912,0.82109,8.7903,4.7960,4.5746,4.7388,6.9410,5.1532,0.64947,10.8800,2.3249,182.93,0.57524,0.58745,49.2899,0.62234,1.0046,1.3489,1.3099,1.49392,3.1637,5.1998
2021-10-26,6.3890,7.4147,5.6170,0.82175,8.7909,4.7851,4.5758,4.7409,6.9432,5.1591,0.64967,10.9282,2.3032,182.98,0.57495,0.58713,49.3165,0.62238,1.0033,1.3475,1.3077,1.50122,3.1605,5.1759
2021-10-25,6.3924,7.4421,5.6260,0.82237,8.7973,4.7728,4.5692,4.7406,6.9756,5.1671,0.64954,11.0089,2.3187,184.21,0.57467,0.58687,48.9278,0.61770,0.9997,1.3420,1.3067,1.52536,3.1583,5.2093
2021-10-22,6.4032,7.4431,5.6192,0.82358,8.8320,4.7787,4.5820,4.7529,6.9733,5.1773,0.64939,11.1035,2.2922,184.08,0.57364,0.58581,48.9132,0.61870,0.9995,1.3433,1.3061,1.48866,3.1712,5.2154
2021-10-21,6.3890,7.4442,5.5853,0.82187,8.8303,4.8040,4.5986,4.7562,6.9523,5.1840,0.65110,11.0814,2.2555,183.79,0.57500,0.58724,48.6718,0.61553,0.9995,1.3445,1.3006,1.44333,3.1653,5.2216
2021-10-20,6.4069,7.4496,5.5925,0.82391,8.8330,4.7861,4.5805,4.7604,6.9379,5.1806,0.64983,11.0796,2.2669,184.18,0.57349,0.58565,48.6314,0.61537,0.9988,1.3471,1.3039,1.45324,3.1603,5.2099
2021-10-19,6.4307,7.4685,5.6270,0.82679,8.8310,4.7660,4.5582,4.7672,6.9631,5.1953,0.64834,11.0636,2.2825,184.38,0.57110,0.58324,48.4341,0.61381,0.9962,1.3467,1.3089,1.45225,3.1761,5.2003
2021-10-18,6.4300,7.4584,5.6253,0.82658,8.8492,4.7754,4.5584,4.7698,6.9649,5.1992,0.64671,11.0425,2.2725,183.91,0.57124,0.58333,48.2248,0.61177,0.9976,1.3395,1.3087,1.43999,3.1662,5.1912
2021-10-15,6.4386,7.4652,5.6590,0.82764,8.8029,4.7752,4.5295,4.7740,6.9680,5.2035,0.64527,11.0845,2.2959,183.85,0.57047,0.58257,48.0768,0.61260,0.9968,1.3412,1.3125,1.42696,3.1921,5.1531
2021-10-14,6.4414,7.4655,5.6825,0.82809,8.7977,4.7516,4.4863,4.7651,6.9670,5.1742,0.64594,11.1910,2.2972,184.84,0.57048,0.58258,48.2426,0.61276,0.9967,1.3496,1.3187,1.42104,3.1940,5.1666
2021-10-13,6.4612,7.4506,5.6908,0.83036,8.7766,4.7448,4.4770,4.7609,6.9430,5.1808,0.64464,11.1257,2.3154,185.46,0.56852,0.58058,48.3686,0.61520,0.9986,1.3596,1.3245,1.39951,3.2177,5.1648
2021-10-12,6.4447,7.4433,5.6848,0.82823,8.7553,4.7340,4.4712,4.7531,6.9460,5.1611,0.64724,11.1468,2.3375,185.51,0.57001,0.58205,48.2757,0.61599,0.9996,1.3615,1.3325,1.39652,3.2382,5.2269
2021-10-11,6.4479,7.4591,5.7424,0.82833,8.7813,4.7068,4.4648,4.7588,6.9508,5.1671,0.64799,11.1476,2.3164,185.32,0.56972,0.58172,48.3909,0.61719,0.9976,1.3552,1.3249,1.38982,3.2141,5.2531
2021-10-08,6.4604,7.4630,5.7844,0.82981,8.7918,4.7221,4.4758,4.7540,6.9529,5.1449,0.64774,11.1258,2.3147,184.53,0.56874,0.58073,48.0416,0.61457,0.9971,1.3603,1.3280,1.37443,3.1998,5.2340
2021-09-30,6.4854,7.5247,5.7929,0.83306,8.7103,4.6574,4.4558,4.7632,6.9416,5.0852,0.64535,11.2426,2.3414,182.91,0.56632,0.57832,47.8579,0.61538,0.9883,1.3570,1.3518,1.37590,3.1626,5.2325
2021-09-29,6.4662,7.5547,5.7955,0.83074,8.7535,4.6826,4.4975,4.7641,6.9582,5.0982,0.64717,11.2679,2.3362,183.32,0.56806,0.58015,47.6076,0.61349,0.9843,1.3505,1.3394,1.37188,3.1453,5.2327
2021-09-28,6.4608,7.5552,5.8211,0.83009,8.8523,4.7044,4.5265,4.7705,6.9780,5.1161,0.64815,11.2351,2.3152,182.35,0.56850,0.58061,47.3719,0.60863,0.9842,1.3478,1.3315,1.36515,3.1117,5.1977
2021-09-27,6.4695,7.5822,5.8417,0.83104,8.8411,4.7008,4.5391,4.7787,6.9948,5.1132,0.64737,11.2416,2.3106,182.07,0.56776,0.57978,47.0388,0.60760,0.9807,1.3361,1.3249,1.36994,3.1004,5.1597
2021-09-24,6.4599,7.5862,5.8569,0.82970,8.8675,4.7185,4.5686,4.7915,6.9876,5.1029,0.64667,11.2514,2.2826,181.81,0.56858,0.58061,46.9397,0.60751,0.9802,1.3357,1.3274,1.35740,3.1038,5.1592
2021-09-23,6.4749,7.5693,5.8966,0.83157,8.8194,4.6846,4.5283,4.7820,6.9901,5.0668,0.64748,11.2760,2.2858,182.79,0.56728,0.57935,46.9169,0.61033,0.9824,1.3428,1.3381,1.33657,3.1025,5.1668
2021-09-22,6.4693,7.5803,5.9225,0.83083,8.8333,4.6756,4.5275,4.7812,7.0013,5.0434,0.64691,11.2833,2.2965,182.72,0.56789,0.57987,46.4782,0.60940,0.9808,1.3438,1.3425,1.33335,3.1128,5.1599
2021-09-17,6.4527,7.5901,5.8795,0.82906,8.9007,4.7054,4.5632,4.7943,6.9556,5.0874,0.64531,11.2349,2.2640,182.19,0.56929,0.58132,46.1922,0.60227,0.9796,1.3362,1.3381,1.32297,3.0903,5.1317
2021-09-16,6.4330,7.6025,5.8833,0.82671,8.9078,4.7207,4.5832,4.7985,6.9942,5.0959,0.64649,11.2344,2.2391,181.52,0.57098,0.58305,45.8994,0.60040,0.9781,1.3341,1.3322,1.31076,3.0872,5.1084
2021-09-15,6.4492,7.6106,5.8773,0.82904,8.9026,4.7188,4.5746,4.7983,7.0079,5.0808,0.64564,11.3131,2.2217,181.81,0.56959,0.58163,45.9506,0.59772,0.9772,1.3352,1.3408,1.30836,3.0878,5.1073
2021-09-14,6.4500,7.6171,5.8641,0.82910,8.9266,4.7523,4.5901,4.8066,6.9936,5.1011,0.64318,11.2576,2.1927,181.90,0.56940,0.58145,45.9290,0.59700,0.9760,1.3339,1.3394,1.30618,3.0816,5.0949
2021-09-13,6.4497,7.6185,5.8695,0.82920,8.9257,4.7510,4.5897,4.8066,7.0244,5.0859,0.64150,11.3434,2.2020,181.65,0.56947,0.58153,45.9670,0.59652,0.9761,1.3386,1.3429,1.31281,3.0822,5.0733
2021-09-10,6.4566,7.6348,5.8812,0.83012,8.9352,4.7577,4.5879,4.8087,7.0439,5.0991,0.64230,11.2935,2.1997,181.19,0.56883,0.58088,45.8932,0.59470,0.9739,1.3334,1.3427,1.30750,3.0866,5.0662
2021-09-09,6.4615,7.6358,5.8618,0.83087,8.8949,4.7579,4.5862,4.7999,7.0087,5.0916,0.64251,11.3238,2.1960,180.73,0.56839,0.58043,45.8023,0.59151,0.9737,1.3352,1.3486,1.31094,3.0862,5.0705
2021-09-08,6.4674,7.6595,5.8634,0.83191,8.9120,4.7777,4.5913,4.8047,7.0336,5.1133,0.64254,11.3403,2.2103,179.70,0.56790,0.57991,45.5054,0.58893,0.9708,1.3283,1.3425,1.29083,3.0823,5.0498
2021-09-07,6.4533,7.6620,5.8757,0.83021,8.9303,4.8000,4.6059,4.8097,7.0519,5.1495,0.64273,11.3067,2.2057,179.26,0.56913,0.58115,45.3738,0.59023,0.9706,1.3263,1.3413,1.28330,3.0840,5.0336
2021-09-06,6.4529,7.6674,5.8785,0.83030,8.9424,4.8046,4.6139,4.8116,7.0595,5.1503,0.64263,11.2774,2.2163,179.39,0.56928,0.58130,45.3425,0.58784,0.9698,1.3248,1.3433,1.28963,3.0870,5.0382
2021-09-03,6.4577,7.6679,5.8729,0.83108,8.9344,4.7784,4.5907,4.8104,7.0615,5.1442,0.64401,11.2845,2.2369,179.39,0.56881,0.58086,45.4567,0.58834,0.9696,1.3275,1.3387,1.28300,3.0913,5.0262
2021-09-02,6.4594,7.6471,5.8672,0.83062,8.8931,4.7570,4.5624,4.8035,7.0543,5.1158,0.64333,11.2996,2.2293,179.16,0.56873,0.58073,45.4939,0.58967,0.9724,1.3339,1.3464,1.28386,3.0971,5.0060
2021-09-01,6.4680,7.6377,5.8798,0.83170,8.8960,4.7333,4.5591,4.8106,7.0658,5.1272,0.64230,11.3353,2.2455,179.28,0.56789,0.57989,45.6791,0.59223,0.9736,1.3331,1.3435,1.28571,3.1034,4.9858
2021-08-31,6.4679,7.6303,5.8822,0.83070,8.8987,4.7173,4.5295,4.8078,7.0519,5.1304,0.64263,11.3614,2.2664,180.33,0.56792,0.57994,45.6129,0.59751,0.9745,1.3339,1.3406,1.29525,3.1140,5.0192
2021-08-30,6.4677,7.6297,5.8871,0.83039,8.8993,4.7277,4.5319,4.8050,7.0953,5.1279,0.64701,11.3453,2.2758,180.04,0.56797,0.57997,45.7928,0.59978,0.9747,1.3354,1.3467,1.29221,3.1221,5.0325
2021-08-27,6.4863,7.6232,5.8945,0.83284,8.8858,4.6955,4.5063,4.7889,7.0674,5.1141,0.64683,11.4502,2.3008,180.65,0.56628,0.57830,45.7457,0.59994,0.9753,1.3416,1.3620,1.29272,3.1394,5.0515
2021-08-26,6.4730,7.6190,5.8849,0.83161,8.9087,4.7093,4.5123,4.7855,7.0842,5.1407,0.64907,11.4177,2.3097,180.15,0.56740,0.57939,45.7222,0.60019,0.9759,1.3419,1.3611,1.29452,3.1260,5.0557
2021-08-25,6.4728,7.6064,5.8990,0.83104,8.8829,4.6959,4.4909,4.7778,7.0872,5.1388,0.65106,11.3943,2.3192,180.04,0.56755,0.57957,45.7742,0.60137,0.9777,1.3427,1.3645,1.30040,3.1219,5.0854
2021-08-24,6.4805,7.6115,5.9081,0.83165,8.8942,4.6732,4.4670,4.7784,7.1028,5.1226,0.65169,11.4285,2.3363,180.55,0.56670,0.57862,45.9787,0.60209,0.9770,1.3446,1.3756,1.30032,3.1354,5.1325
2021-08-23,6.4969,7.5989,5.9142,0.83402,8.8535,4.6405,4.4395,4.7692,7.0812,5.0674,0.65176,11.4144,2.3569,181.01,0.56531,0.57721,46.0778,0.60250,0.9786,1.3554,1.3894,1.30721,3.1365,5.1290
2021-08-20,6.4984,7.5882,5.9195,0.83426,8.8590,4.6451,4.4347,4.7610,7.0731,5.0662,0.65204,11.4286,2.3422,180.87,0.56522,0.57712,46.2231,0.60381,0.9800,1.3545,1.3910,1.31283,3.1036,5.1326
2021-08-19,6.4853,7.5941,5.9071,0.83252,8.9181,4.6916,4.4616,4.7655,7.0730,5.1229,0.65321,11.3904,2.3085,180.49,0.56633,0.57828,46.1362,0.59997,0.9792,1.3457,1.3731,1.30362,3.0892,5.1358
2021-08-18,6.4915,7.6026,5.9251,0.83283,8.9230,4.7127,4.4992,4.7665,7.0976,5.1437,0.65278,11.3304,2.2952,181.35,0.56564,0.57756,46.2238,0.60001,0.9781,1.3493,1.3734,1.29852,3.0792,5.1297
2021-08-17,6.4765,7.6276,5.9261,0.83186,8.9635,4.7524,4.5508,4.7766,7.0976,5.1519,0.65410,11.3107,2.2911,180.38,0.56713,0.57913,46.0832,0.59778,0.9748,1.3356,1.3629,1.30622,3.0717,5.1594
2021-08-16,6.4717,7.6302,5.9018,0.83148,8.9697,4.7649,4.5533,4.7750,7.0675,5.1681,0.65498,11.3042,2.2758,179.89,0.56767,0.57970,46.1966,0.59823,0.9744,1.3354,1.3607,1.31621,3.0724,5.1489
2021-08-13,6.4799,7.6051,5.8704,0.83264,8.9500,4.7573,4.5386,4.7725,7.0195,5.1762,0.65341,11.3526,2.2801,179.72,0.56683,0.57880,46.3953,0.60138,0.9778,1.3401,1.3655,1.32166,3.0790,5.1121
2021-08-12,6.4754,7.6034,5.8663,0.83243,8.9817,4.7752,4.5613,4.7741,7.0269,5.1788,0.65434,11.3279,2.2618,178.45,0.56712,0.57906,46.5102,0.60215,0.9780,1.3406,1.3669,1.33253,3.0777,5.1235
2021-08-11,6.4831,7.5979,5.8640,0.83314,8.9700,4.7634,4.5437,4.7681,7.0251,5.1784,0.65234,11.4034,2.2827,177.81,0.56655,0.57848,46.5270,0.60245,0.9788,1.3448,1.3770,1.32722,3.0989,5.1607
2021-08-10,6.4842,7.6100,5.8774,0.83324,8.9782,4.7529,4.5339,4.7759,7.0427,5.1559,0.65208,11.3592,2.2796,176.84,0.56646,0.57837,46.4049,0.59967,0.9773,1.3427,1.3798,1.33345,3.0958,5.1594
2021-08-09,6.4840,7.6181,5.8806,0.83335,8.9889,4.7559,4.5339,4.7820,7.0806,5.1573,0.65096,11.3360,2.2586,176.77,0.56638,0.57837,46.4046,0.60033,0.9760,1.3385,1.3760,1.33043,3.0971,5.1522
2021-08-06,6.4625,7.6466,5.8871,0.83103,9.0010,4.7840,4.5560,4.7832,7.1270,5.1711,0.65234,11.3158,2.2458,176.81,0.56833,0.58031,46.2086,0.59448,0.9726,1.3329,1.3636,1.31925,3.0841,5.1464
2021-08-05,6.4691,7.6579,5.9076,0.83183,8.9848,4.7759,4.5572,4.7865,7.1360,5.1575,0.65247,11.3172,2.2207,176.97,0.56776,0.57975,46.3137,0.59323,0.9710,1.3307,1.3666,1.31044,3.0878,5.1227
2021-08-04,6.4655,7.6730,5.9317,0.83135,8.9964,4.7824,4.5536,4.7858,7.1535,5.1580,0.65313,11.2758,2.2136,177.61,0.56809,0.58007,46.3391,0.59325,0.9692,1.3307,1.3633,1.29997,3.0741,5.1080
2021-08-03,6.4610,7.6714,5.9111,0.83103,8.9752,4.7588,4.5142,4.7747,7.1368,5.1686,0.65369,11.2893,2.2389,178.05,0.56850,0.58050,46.4952,0.59422,0.9697,1.3301,1.3659,1.29279,3.0803,5.0974
2021-08-02,6.4660,7.6725,5.8927,0.83185,8.9867,4.7487,4.5096,4.7739,7.1373,5.1852,0.65286,11.3053,2.2610,178.03,0.56800,0.57997,46.7573,0.59505,0.9694,1.3295,1.3651,1.30545,3.0741,5.0939
2021-07-30,6.4602,7.6791,5.9013,0.83120,9.0180,4.7781,4.5286,4.7750,7.1305,5.1894,0.65621,11.3344,2.2548,177.29,0.56877,0.58085,46.5634,0.59513,0.9686,1.3243,1.3517,1.30959,3.0761,5.0891
2021-07-29,6.4942,7.6932,5.9115,0.83502,9.0317,4.7911,4.5200,4.7877,7.1385,5.1880,0.65147,11.3184,2.2712,177.26,0.56549,0.57743,46.8307,0.59727,0.9666,1.3229,1.3544,1.31769,3.0683,5.0588
2021-07-28,6.4929,7.6741,5.9147,0.83422,9.0140,4.7825,4.5202,4.7747,7.1011,5.1566,0.65202,11.3285,2.2778,177.29,0.56566,0.57766,46.7949,0.59897,0.9690,1.3280,1.3676,1.31850,3.0754,5.0729
2021-07-27,6.4734,7.6418,5.8661,0.83229,8.9494,4.7806,4.5317,4.7687,7.0709,5.1619,0.65322,11.3708,2.2828,177.84,0.56729,0.57937,47.2978,0.60103,0.9732,1.3325,1.3616,1.32183,3.0961,5.0805
2021-07-26,6.4763,7.6243,5.8595,0.83343,8.9098,4.7718,4.5216,4.7612,7.0421,5.1540,0.65247,11.3733,2.2894,177.80,0.56712,0.57920,47.2415,0.60031,0.9753,1.3420,1.3679,1.32064,3.0984,5.0836
2021-07-23,6.4650,7.6122,5.8709,0.83195,8.9044,4.7731,4.5131,4.7573,7.0348,5.1459,0.65314,11.3921,2.2755,177.74,0.56812,0.58017,46.9854,0.59953,0.9771,1.3423,1.3688,1.32422,3.1099,5.0850
2021-07-22,6.4651,7.6236,5.8630,0.83173,8.8646,4.7537,4.5000,4.7404,7.0457,5.1445,0.65445,11.4337,2.2547,178.02,0.56808,0.58016,47.1837,0.60048,0.9757,1.3438,1.3741,1.32392,3.1176,5.0803
2021-07-21,6.4835,7.6375,5.8985,0.83418,8.8367,4.7554,4.4857,4.7448,7.0374,5.1140,0.65171,11.4692,2.2563,177.18,0.56653,0.57854,47.0457,0.60141,0.9740,1.3416,1.3882,1.32244,3.1066,5.0608
2021-07-20,6.4855,7.6481,5.9217,0.83458,8.8660,4.7609,4.4971,4.7552,7.0616,5.0875,0.65098,11.5087,2.2453,177.38,0.56635,0.57835,47.0485,0.60081,0.9724,1.3401,1.3800,1.32364,3.0915,5.0648
2021-07-19,6.4700,7.6408,5.8851,0.83288,8.9026,4.7813,4.5265,4.7687,7.0402,5.1276,0.65000,11.4490,2.2267,176.47,0.56770,0.57972,47.0258,0.59984,0.9733,1.3414,1.3679,1.31960,3.0772,5.0644
2021-07-16,6.4705,7.6412,5.8919,0.83298,8.9469,4.8040,4.5327,4.7759,7.0500,5.1362,0.64935,11.5062,2.2509,176.59,0.56779,0.57981,46.9046,0.59925,0.9732,1.3390,1.3634,1.32435,3.0811,5.0527
2021-07-15,6.4640,7.6483,5.8769,0.83222,8.9548,4.8338,4.5471,4.7759,7.0669,5.1641,0.64960,11.4675,2.2421,177.32,0.56822,0.58024,46.8654,0.59721,0.9724,1.3338,1.3522,1.32859,3.0797,5.0495
2021-07-14,6.4806,7.6320,5.8583,0.83445,8.9492,4.8244,4.5022,4.7796,7.0526,5.1766,0.64735,11.4821,2.2741,177.51,0.56679,0.57881,46.7822,0.59978,0.9744,1.3352,1.3547,1.33077,3.0942,5.0398
2021-07-13,6.4757,7.6813,5.8689,0.83383,8.9920,4.8437,4.5246,4.7911,7.0763,5.1994,0.64713,11.4912,2.2229,177.00,0.56721,0.57920,46.2438,0.59246,0.9682,1.3260,1.3428,1.33352,3.0644,5.0445
2021-07-12,6.4785,7.6889,5.8771,0.83401,9.0012,4.8483,4.5346,4.7932,7.0861,5.2004,0.64615,11.4638,2.1984,176.82,0.56708,0.57913,46.1677,0.59105,0.9671,1.3248,1.3410,1.33689,3.0696,5.0269
2021-07-09,6.4755,7.6682,5.8970,0.83360,8.9280,4.8115,4.4979,4.7875,7.0776,5.1658,0.64567,11.5246,2.2109,176.86,0.56720,0.57923,46.5877,0.59198,0.9696,1.3277,1.3572,1.34154,3.0873,5.0204
2021-07-08,6.4705,7.6323,5.8504,0.83293,8.9299,4.8426,4.5378,4.7971,6.9920,5.1846,0.64339,11.5362,2.2095,176.18,0.56765,0.57968,46.7494,0.59397,0.9743,1.3328,1.3492,1.34204,3.0837,4.9963
2021-07-07,6.4762,7.6538,5.8524,0.83376,8.9353,4.8525,4.5422,4.8049,7.0020,5.1970,0.64182,11.4975,2.2191,175.30,0.56730,0.57932,46.2228,0.58959,0.9713,1.3279,1.3443,1.34151,3.0914,4.9823
2021-07-06,6.4613,7.6657,5.8252,0.83178,8.9519,4.8733,4.5580,4.8051,7.0071,5.2368,0.64329,11.3657,2.2066,175.11,0.56843,0.58048,45.8818,0.58698,0.9701,1.3234,1.3253,1.34089,3.0708,4.9687
2021-07-05,6.4695,7.6716,5.8213,0.83297,8.9482,4.8647,4.5448,4.8032,7.0201,5.2474,0.64302,11.3095,2.2015,174.80,0.56763,0.57960,45.8328,0.58810,0.9691,1.3210,1.3308,1.34301,3.0606,4.9685
2021-07-02,6.4712,7.6634,5.7991,0.83338,8.9031,4.8301,4.5066,4.7947,6.9866,5.2004,0.64286,11.3505,2.2350,175.20,0.56768,0.57965,45.8077,0.58918,0.9703,1.3261,1.3335,1.34058,3.0918,4.9575
2021-07-01,6.4709,7.6701,5.8224,0.83336,8.9464,4.8506,4.5244,4.8095,6.9927,5.2202,0.64174,11.3020,2.2060,174.64,0.56774,0.57979,45.8008,0.58954,0.9694,1.3217,1.3306,1.34552,3.0815,4.9527
2021-06-30,6.4601,7.6862,5.8428,0.83208,8.9410,4.8528,4.5153,4.8027,7.0134,5.2097,0.64268,11.2593,2.2219,174.98,0.56861,0.58061,45.7329,0.58792,0.9674,1.3195,1.3250,1.35193,3.0677,4.9634
2021-06-29,6.4567,7.6995,5.8377,0.83184,8.9598,4.8843,4.5473,4.8081,7.0195,5.2337,0.64228,11.1758,2.2087,175.01,0.56886,0.58088,45.5036,0.58460,0.9658,1.3185,1.3207,1.34545,3.0693,4.9466
2021-06-28,6.4578,7.7091,5.8286,0.83205,8.9700,4.9001,4.5649,4.8099,7.0419,5.2525,0.64344,11.1802,2.1935,174.63,0.56875,0.58072,45.5429,0.58541,0.9646,1.3152,1.3153,1.35640,3.0707,4.9240
2021-06-25,6.4744,7.7234,5.8381,0.83411,9.0113,4.9095,4.5724,4.8207,7.0520,5.2548,0.64233,11.1646,2.1937,174.78,0.56730,0.57922,45.5000,0.58513,0.9629,1.3093,1.3131,1.34426,3.0653,4.9244
2021-06-24,6.4824,7.7326,5.8403,0.83479,9.0525,4.9108,4.5685,4.8163,7.0586,5.2692,0.64204,11.1970,2.1955,175.44,0.56660,0.57854,45.2839,0.58559,0.9617,1.3083,1.3169,1.33270,3.1157,4.9151
2021-06-23,6.4621,7.7144,5.8397,0.83211,9.0155,4.8803,4.5341,4.8092,7.0370,5.2505,0.64323,11.2559,2.2055,175.12,0.56830,0.58032,45.4045,0.58542,0.9636,1.3118,1.3215,1.33832,3.1490,4.9026
2021-06-22,6.4613,7.6982,5.8590,0.83220,8.9992,4.8696,4.5144,4.8121,7.0369,5.2249,0.64124,11.3054,2.2002,175.10,0.56836,0.58032,45.8897,0.58805,0.9659,1.3207,1.3272,1.35882,3.1736,4.8920
2021-06-21,6.4546,7.6647,5.8580,0.83148,8.9222,4.8447,4.4876,4.8001,7.0002,5.1872,0.64122,11.2801,2.2210,175.69,0.56894,0.58093,46.3676,0.59365,0.9700,1.3329,1.3419,1.35621,3.1935,4.8749
2021-06-18,6.4361,7.6671,5.8360,0.82893,8.9691,4.8631,4.5138,4.7955,7.0138,5.2135,0.64313,11.2366,2.1921,175.76,0.57067,0.58267,46.3929,0.59439,0.9699,1.3283,1.3268,1.35458,3.1736,4.8787
2021-06-17,6.4298,7.7065,5.8023,0.82821,8.9868,4.8932,4.5454,4.8095,7.0685,5.2334,0.64162,11.3060,2.1816,175.47,0.57180,0.58381,45.6858,0.58707,0.9649,1.3168,1.3189,1.34132,3.1705,4.8681
2021-06-16,6.4078,7.7685,5.8212,0.82544,9.0217,4.9242,4.5624,4.8266,7.1312,5.2586,0.64260,11.2703,2.1489,174.37,0.57327,0.58535,45.2122,0.58263,0.9573,1.2991,1.2981,1.33562,3.1274,4.8633
2021-06-15,6.4070,7.7643,5.8222,0.82542,9.0398,4.9416,4.5793,4.8297,7.1233,5.2766,0.64192,11.2522,2.1493,174.44,0.57329,0.58542,45.0529,0.58147,0.9576,1.2990,1.2974,1.32103,3.1117,4.8576
数据来源：,中国货币网,,,,,,,,,,,,,,,,,,,,,,,
,www.chinamoney.com.cn,,,,,,,,,,,,,,,,,,,,,,,
